player_id,player_name,team,position,opponent,prop_type,line,over_odds,under_odds,game_id,game_time,home_away,season_avg,last_3_avg,consistency,variance,ewma_5,form_trend,days_since_last_game,opponent_rank_vs_position,opponent_avg_allowed,matchup_advantage,historical_vs_opponent,target_share,snap_share,red_zone_share,is_home,game_total,vegas_spread,vegas_implied_total,pace_factor,temperature,wind_speed,precipitation,is_dome,impact_level,precipitation_pct,weather_impact,player_injury_status,key_teammate_out,opponent_key_defender_out,line_vs_season_avg_delta,line_vs_last3_delta,implied_prob_over,implied_prob_under,vig,same_game_id,same_team,correlation_group
player_001,Patrick Mahomes,KC,QB,LV,passing_yards,247.0,-105,-100,game_001,2025-10-11 20:00:00,away,285.3,295.2,0.82,1250.5,291.2,0.035,3,24.0,317.5,-0.101,300.8,1.0,0.983,0.93,0,43.2,-13.3,14.9,0.972,65.2,11.1,0.0,False,Minimal,0.0,Minimal,Probable,False,False,-38.3,-48.2,0.5122,0.5,1.22,game_001,KC,QB_PASSING_KC
player_001,Patrick Mahomes,KC,QB,LV,passing_tds,2.5,-110,-110,game_001,2025-10-11 20:00:00,away,2.1,295.2,0.82,1250.5,178.0,139.571,4,22.0,2.1,0.0,2.0,1.0,0.989,0.931,0,43.2,-13.3,14.9,0.982,65.2,11.1,0.0,False,Minimal,0.0,Minimal,Probable,False,False,0.4,-292.7,0.5238,0.5238,4.76,game_001,KC,QB_PASSING_KC
player_002,Josh Allen,BUF,QB,NYJ,passing_yards,288.2,-115,-110,game_002,2025-10-11 20:00:00,away,270.8,265.8,0.78,1580.3,267.8,-0.018,4,21.0,259.2,0.045,259.8,1.0,0.983,0.932,0,46.0,-4.8,20.6,1.029,45.8,13.8,0.47,False,Medium,47.0,Medium,Healthy,False,False,17.4,22.4,0.5349,0.5238,5.87,game_002,BUF,QB_PASSING_BUF
player_002,Josh Allen,BUF,QB,NYJ,passing_tds,2.0,-120,-110,game_002,2025-10-11 20:00:00,away,2.3,265.8,0.78,1580.3,160.4,114.565,3,21.0,2.2,0.045,2.3,1.0,0.994,0.975,0,46.0,-4.8,20.6,1.036,45.8,13.8,0.47,False,Medium,47.0,Medium,Healthy,False,False,-0.3,-263.8,0.5455,0.5238,6.93,game_002,BUF,QB_PASSING_BUF
player_003,Lamar Jackson,BAL,QB,CIN,passing_yards,262.0,-115,-112,game_003,2025-10-11 16:00:00,away,248.5,255.3,0.75,1420.8,252.6,0.027,4,15.0,246.5,0.008,247.3,1.0,0.994,0.954,0,48.1,-2.5,22.8,1.039,72.0,8.0,,False,,0.0,None,Questionable,False,False,13.5,6.7,0.5349,0.5283,6.32,game_003,BAL,QB_PASSING_BAL
player_003,Lamar Jackson,BAL,QB,CIN,passing_tds,1.8,-105,-110,game_003,2025-10-11 16:00:00,away,1.9,255.3,0.75,1420.8,153.9,133.368,7,18.0,1.8,0.056,2.0,1.0,0.986,0.964,0,48.1,-2.5,22.8,1.095,72.0,8.0,,False,,0.0,None,Questionable,False,False,-0.1,-253.5,0.5122,0.5238,3.6,game_003,BAL,QB_PASSING_BAL
player_004,Jalen Hurts,PHI,QB,DAL,passing_yards,283.4,-115,-105,game_004,2025-10-11 13:00:00,home,262.3,278.5,0.81,1180.2,272.0,0.062,4,15.0,254.3,0.031,290.7,1.0,0.985,0.947,1,51.5,8.7,30.1,1.083,72.0,8.0,,False,,0.0,None,Healthy,False,False,21.1,4.9,0.5349,0.5122,4.71,game_004,PHI,QB_PASSING_PHI
player_004,Jalen Hurts,PHI,QB,DAL,passing_tds,1.6,-115,-100,game_004,2025-10-11 13:00:00,home,2.0,278.5,0.81,1180.2,167.9,138.25,6,17.0,1.9,0.053,2.0,1.0,0.984,0.906,1,51.5,8.7,30.1,1.051,72.0,8.0,,False,,0.0,None,Healthy,False,False,-0.4,-276.9,0.5349,0.5,3.49,game_004,PHI,QB_PASSING_PHI
player_005,Joe Burrow,CIN,QB,BAL,passing_yards,275.2,-120,-115,game_005,2025-10-11 20:00:00,away,278.9,289.3,0.84,1085.6,285.1,0.037,6,10.0,238.5,0.169,306.4,1.0,0.99,0.925,0,47.8,-6.1,20.8,1.036,72.0,8.0,,False,,0.0,None,Healthy,False,False,-3.7,-14.1,0.5455,0.5349,8.03,game_005,CIN,QB_PASSING_CIN
player_005,Joe Burrow,CIN,QB,BAL,passing_tds,1.8,-120,-100,game_005,2025-10-11 20:00:00,away,2.2,289.3,0.84,1085.6,174.5,130.5,6,21.0,2.2,0.0,2.4,1.0,0.992,0.911,0,47.8,-6.1,20.8,0.974,72.0,8.0,,False,,0.0,None,Healthy,False,False,-0.4,-287.5,0.5455,0.5,4.55,game_005,CIN,QB_PASSING_CIN
player_006,Tyreek Hill,MIA,WR,NE,receiving_yards,86.5,-115,-112,game_006,2025-10-11 20:00:00,home,92.5,98.3,0.75,380.2,96.0,0.063,6,15.0,94.8,-0.024,92.2,0.093,0.545,0.111,1,51.2,7.8,21.7,1.045,72.0,8.0,,False,,0.0,None,Doubtful,True,False,-6.0,-11.8,0.5349,0.5283,6.32,game_006,MIA,WR_RECEIVING_MIA
player_006,Tyreek Hill,MIA,WR,NE,receptions,6.8,-115,-110,game_006,2025-10-11 20:00:00,home,7.2,98.3,0.75,380.2,61.9,12.653,6,15.0,7.4,-0.027,6.7,0.261,0.922,0.27,1,51.2,7.8,21.7,1.02,72.0,8.0,,False,,0.0,None,Doubtful,True,False,-0.4,-91.5,0.5349,0.5238,5.87,game_006,MIA,WR_RECEIVING_MIA
player_007,Stefon Diggs,BUF,WR,NYJ,receiving_yards,91.3,-105,-105,game_007,2025-10-11 20:00:00,away,82.3,75.5,0.8,420.8,78.2,-0.083,7,22.0,82.8,-0.006,76.6,0.144,0.529,0.059,0,42.8,-5.0,18.9,1.098,72.0,8.0,,False,,0.0,None,Healthy,False,False,9.0,15.8,0.5122,0.5122,2.44,game_007,BUF,WR_RECEIVING_BUF
player_007,Stefon Diggs,BUF,WR,NYJ,receptions,6.7,-110,-110,game_007,2025-10-11 20:00:00,away,7.5,75.5,0.8,420.8,48.3,9.067,7,22.0,7.6,-0.013,7.8,0.244,0.887,0.211,0,42.8,-5.0,18.9,1.097,72.0,8.0,,False,,0.0,None,Healthy,False,False,-0.8,-68.8,0.5238,0.5238,4.76,game_007,BUF,WR_RECEIVING_BUF
player_008,Justin Jefferson,MIN,WR,GB,receiving_yards,83.8,-110,-100,game_008,2025-10-11 20:00:00,home,95.8,102.3,0.85,325.5,99.7,0.068,7,18.0,92.8,0.032,94.7,0.254,0.88,0.269,1,50.4,9.4,29.9,1.067,72.0,8.0,,False,,0.0,None,Out,True,False,-12.0,-18.5,0.5238,0.5,2.38,game_008,MIN,WR_RECEIVING_MIN
player_008,Justin Jefferson,MIN,WR,GB,receptions,5.9,-105,-115,game_008,2025-10-11 20:00:00,home,6.8,102.3,0.85,325.5,64.1,14.044,4,18.0,7.1,-0.042,7.0,0.24,0.889,0.321,1,50.4,9.4,29.9,1.017,72.0,8.0,,False,,0.0,None,Out,True,False,-0.9,-96.4,0.5122,0.5349,4.71,game_008,MIN,WR_RECEIVING_MIN
player_009,CeeDee Lamb,DAL,WR,PHI,receiving_yards,80.4,-110,-115,game_009,2025-10-11 20:00:00,home,88.7,92.5,0.78,395.8,91.0,0.043,7,12.0,90.8,-0.023,93.4,0.306,0.848,0.341,1,48.8,14.0,17.4,0.973,72.0,8.0,,False,,0.0,None,Healthy,False,False,-8.3,-12.1,0.5238,0.5349,5.87,game_009,DAL,WR_RECEIVING_DAL
player_009,CeeDee Lamb,DAL,WR,PHI,receptions,7.2,-120,-115,game_009,2025-10-11 20:00:00,home,8.2,92.5,0.78,395.8,58.8,10.28,4,12.0,8.2,0.0,8.5,0.103,0.505,0.06,1,48.8,14.0,17.4,1.083,72.0,8.0,,False,,0.0,None,Healthy,False,False,-1.0,-85.3,0.5455,0.5349,8.03,game_009,DAL,WR_RECEIVING_DAL
player_010,Ja'Marr Chase,CIN,WR,BAL,receiving_yards,80.5,-110,-105,game_010,2025-10-11 16:00:00,home,89.2,95.8,0.73,445.2,93.2,0.074,4,20.0,89.2,0.0,86.7,0.238,0.884,0.279,1,44.9,1.9,21.5,1.108,72.0,8.0,,False,,0.0,None,Healthy,False,False,-8.7,-15.3,0.5238,0.5122,3.6,game_010,CIN,WR_RECEIVING_CIN
player_010,Ja'Marr Chase,CIN,WR,BAL,receptions,5.7,-120,-115,game_010,2025-10-11 16:00:00,home,6.5,95.8,0.73,445.2,60.1,13.738,6,20.0,6.3,0.032,7.1,0.277,0.851,0.272,1,44.9,1.9,21.5,1.082,72.0,8.0,,False,,0.0,None,Healthy,False,False,-0.8,-90.1,0.5455,0.5349,8.03,game_010,CIN,WR_RECEIVING_CIN
player_011,Travis Kelce,KC,TE,LV,receiving_yards,71.4,-105,-105,game_011,2025-10-11 13:00:00,away,78.9,72.5,0.88,290.5,75.1,-0.081,3,8.0,72.8,0.084,72.4,0.111,0.485,0.095,0,48.8,-5.6,27.2,0.935,72.0,8.0,,False,,0.0,None,Questionable,False,False,-7.5,-1.1,0.5122,0.5122,2.44,game_011,KC,TE_RECEIVING_KC
player_011,Travis Kelce,KC,TE,LV,receptions,6.2,-115,-110,game_011,2025-10-11 13:00:00,away,6.8,72.5,0.88,290.5,46.2,9.662,4,8.0,6.1,0.115,6.1,0.242,0.752,0.2,0,48.8,-5.6,27.2,1.031,72.0,8.0,,False,,0.0,None,Questionable,False,False,-0.6,-66.3,0.5349,0.5238,5.87,game_011,KC,TE_RECEIVING_KC
player_012,Mark Andrews,BAL,TE,CIN,receiving_yards,71.8,-120,-100,game_012,2025-10-11 16:00:00,home,65.3,68.2,0.76,335.8,67.0,0.044,3,14.0,68.5,-0.047,71.5,0.153,0.884,0.247,1,50.9,8.7,29.8,0.98,72.0,8.0,,False,,0.0,None,Healthy,False,False,6.5,3.6,0.5455,0.5,4.55,game_012,BAL,TE_RECEIVING_BAL
player_012,Mark Andrews,BAL,TE,CIN,receptions,5.9,-115,-110,game_012,2025-10-11 16:00:00,home,5.8,68.2,0.76,335.8,43.2,10.759,4,14.0,5.9,-0.017,5.4,0.051,0.483,0.174,1,50.9,8.7,29.8,1.059,72.0,8.0,,False,,0.0,None,Healthy,False,False,0.1,-62.3,0.5349,0.5238,5.87,game_012,BAL,TE_RECEIVING_BAL
player_013,George Kittle,SF,TE,SEA,receiving_yards,67.6,-120,-105,game_013,2025-10-11 13:00:00,home,72.5,75.8,0.82,310.2,74.5,0.046,7,11.0,70.0,0.036,72.0,0.231,0.76,0.188,1,45.4,12.6,29.0,1.112,72.0,8.0,,False,,0.0,None,Healthy,False,False,-4.9,-8.2,0.5455,0.5122,5.76,game_013,SF,TE_RECEIVING_SF
player_013,George Kittle,SF,TE,SEA,receptions,5.4,-110,-105,game_013,2025-10-11 13:00:00,home,6.2,75.8,0.82,310.2,48.0,11.226,3,11.0,5.9,0.051,6.8,0.084,0.416,0.126,1,45.4,12.6,29.0,1.047,72.0,8.0,,False,,0.0,None,Healthy,False,False,-0.8,-70.4,0.5238,0.5122,3.6,game_013,SF,TE_RECEIVING_SF
player_014,Christian McCaffrey,SF,RB,SEA,rushing_yards,93.2,-105,-110,game_014,2025-10-11 13:00:00,away,98.5,105.2,0.89,485.3,102.5,0.068,6,25.0,106.1,-0.072,99.1,0.182,0.735,0.403,0,48.7,-5.0,26.9,1.112,72.0,8.0,,False,,0.0,None,Probable,False,False,-5.3,-12.0,0.5122,0.5238,3.6,game_014,SF,RB_RUSHING_SF
player_015,Derrick Henry,TEN,RB,IND,rushing_yards,71.7,-105,-110,game_015,2025-10-11 16:00:00,away,92.3,88.5,0.78,625.8,90.0,-0.041,3,18.0,90.5,0.02,105.7,0.32,0.641,0.44,0,45.8,-9.4,27.6,0.926,72.0,8.0,,False,,0.0,None,Questionable,False,False,-20.6,-16.8,0.5122,0.5238,3.6,game_015,TEN,RB_RUSHING_TEN
player_016,Saquon Barkley,NYG,RB,WAS,rushing_yards,72.7,-110,-100,game_016,2025-10-11 13:00:00,home,85.2,92.8,0.72,558.3,89.8,0.089,4,16.0,83.7,0.018,90.5,0.182,0.581,0.497,1,46.1,8.1,27.1,1.086,72.0,8.0,,False,,0.0,None,Healthy,False,False,-12.5,-20.1,0.5238,0.5,2.38,game_016,NYG,RB_RUSHING_NYG
